-- GENERATED by supabase/seed/generate-seed.ts вҖ” do not edit by hand.
-- Source of truth is the Phase 1 mock data in src/data/. Regenerate with:
--   npx tsx supabase/seed/generate-seed.ts

-- Content: theme islands

insert into english_themes (id, title, can_do, sort_order, emoji) values
  ('weather', 'Weather', 'I can name the weather.', 0, 'вӣ…'),
  ('animals', 'Animals', 'I can name farm and wild animals.', 1, 'рҹҰҒ'),
  ('food', 'Food', 'I can name food I like.', 2, 'рҹҚҺ'),
  ('colors', 'Colors', 'I can name the colors.', 3, 'рҹҢҲ')
on conflict (id) do update set title = excluded.title, can_do = excluded.can_do, sort_order = excluded.sort_order, emoji = excluded.emoji;

-- Content: vocabulary items

insert into english_items (id, theme_id, word, emoji, vi, min_level, sort_order) values
  ('weather-sunny', 'weather', 'sunny', 'вҳҖпёҸ', 'nбәҜng', 'starter', 0),
  ('weather-rainy', 'weather', 'rainy', 'рҹҢ§пёҸ', 'mЖ°a', 'starter', 1),
  ('weather-cloudy', 'weather', 'cloudy', 'вҳҒпёҸ', 'nhiб»Ғu mГўy', 'starter', 2),
  ('weather-windy', 'weather', 'windy', 'рҹҢ¬пёҸ', 'giГі', 'starter', 3),
  ('weather-hot', 'weather', 'hot', 'рҹҘө', 'nГіng', 'starter', 4),
  ('weather-cold', 'weather', 'cold', 'рҹҘ¶', 'lбәЎnh', 'starter', 5),
  ('weather-snowy', 'weather', 'snowy', 'вқ„пёҸ', 'tuyбәҝt', 'mover', 6),
  ('weather-stormy', 'weather', 'stormy', 'вӣҲпёҸ', 'bГЈo', 'mover', 7),
  ('weather-foggy', 'weather', 'foggy', 'рҹҢ«пёҸ', 'sЖ°ЖЎng mГ№', 'mover', 8),
  ('animals-cat', 'animals', 'cat', 'рҹҗұ', 'mГЁo', 'starter', 0),
  ('animals-dog', 'animals', 'dog', 'рҹҗ¶', 'chГі', 'starter', 1),
  ('animals-bird', 'animals', 'bird', 'рҹҗҰ', 'chim', 'starter', 2),
  ('animals-fish', 'animals', 'fish', 'рҹҗҹ', 'cГЎ', 'starter', 3),
  ('animals-frog', 'animals', 'frog', 'рҹҗё', 'бәҝch', 'starter', 4),
  ('animals-duck', 'animals', 'duck', 'рҹҰҶ', 'vб»Ӣt', 'starter', 5),
  ('animals-lion', 'animals', 'lion', 'рҹҰҒ', 'sЖ° tб»ӯ', 'mover', 6),
  ('animals-tiger', 'animals', 'tiger', 'рҹҗҜ', 'hб»•', 'mover', 7),
  ('animals-monkey', 'animals', 'monkey', 'рҹҗө', 'khб»ү', 'mover', 8),
  ('animals-bear', 'animals', 'bear', 'рҹҗ»', 'gбәҘu', 'mover', 9),
  ('animals-horse', 'animals', 'horse', 'рҹҗҙ', 'ngб»ұa', 'mover', 10)
on conflict (id) do update set theme_id = excluded.theme_id, word = excluded.word, emoji = excluded.emoji, vi = excluded.vi, min_level = excluded.min_level, sort_order = excluded.sort_order;

-- Content: skill huts

insert into huts (id, theme_id, skill) values
  ('weather-listen', 'weather', 'listen'),
  ('weather-speak', 'weather', 'speak'),
  ('weather-read', 'weather', 'read'),
  ('weather-write', 'weather', 'write'),
  ('animals-listen', 'animals', 'listen'),
  ('animals-speak', 'animals', 'speak'),
  ('animals-read', 'animals', 'read'),
  ('animals-write', 'animals', 'write'),
  ('food-listen', 'food', 'listen'),
  ('food-speak', 'food', 'speak'),
  ('food-read', 'food', 'read'),
  ('food-write', 'food', 'write'),
  ('colors-listen', 'colors', 'listen'),
  ('colors-speak', 'colors', 'speak'),
  ('colors-read', 'colors', 'read'),
  ('colors-write', 'colors', 'write')
on conflict (id) do update set theme_id = excluded.theme_id, skill = excluded.skill;

-- Content: sticker catalog

insert into stickers (id, name, emoji, "set", rarity, tags) values
  ('boy-captain-comet', 'Captain Comet', 'рҹҰё', 'boy', 'legendary', ARRAY['hero', 'space']::text[]),
  ('boy-emberon-dragon', 'Emberon', 'рҹҗү', 'boy', 'legendary', ARRAY['dragon', 'fantasy']::text[]),
  ('boy-bolt-9', 'Bolt-9', 'рҹӨ–', 'boy', 'epic', ARRAY['robot', 'machine']::text[]),
  ('boy-rex-thunder', 'Rex Thunder', 'рҹҰ–', 'boy', 'epic', ARRAY['dino']::text[]),
  ('boy-shadow-ninja', 'Shadow', 'рҹҘ·', 'boy', 'epic', ARRAY['ninja']::text[]),
  ('boy-astro-sam', 'Astro Sam', 'рҹ‘ЁвҖҚрҹҡҖ', 'boy', 'epic', ARRAY['space']::text[]),
  ('boy-merlin-jr', 'Merlin Jr.', 'рҹ§ҷ', 'boy', 'epic', ARRAY['wizard', 'fantasy']::text[]),
  ('boy-turbo-dash', 'Turbo Dash', 'рҹҸҺпёҸ', 'boy', 'rare', ARRAY['vehicle', 'speed']::text[]),
  ('boy-blaze-rocket', 'Blaze', 'рҹҡҖ', 'boy', 'rare', ARRAY['space', 'vehicle']::text[]),
  ('boy-sir-brave', 'Sir Brave', 'рҹӣЎпёҸ', 'boy', 'rare', ARRAY['knight']::text[]),
  ('boy-sparky-bot', 'Sparky', 'вҡЎ', 'boy', 'rare', ARRAY['robot', 'energy']::text[]),
  ('boy-zax-alien', 'Zax', 'рҹ‘Ҫ', 'boy', 'rare', ARRAY['alien', 'space']::text[]),
  ('boy-sky-eagle', 'Sky', 'рҹҰ…', 'boy', 'rare', ARRAY['animal', 'bird']::text[]),
  ('boy-kong-mighty', 'Kong', 'рҹҰҚ', 'boy', 'rare', ARRAY['animal']::text[]),
  ('boy-webster-spider', 'Webster', 'рҹ•·пёҸ', 'boy', 'rare', ARRAY['animal', 'bug']::text[]),
  ('boy-captain-octo', 'Captain Octo', 'рҹҗҷ', 'boy', 'rare', ARRAY['sea']::text[]),
  ('boy-moby-whale', 'Moby', 'рҹҗӢ', 'boy', 'rare', ARRAY['sea']::text[]),
  ('boy-finn-shark', 'Finn', 'рҹҰҲ', 'boy', 'common', ARRAY['sea', 'animal']::text[]),
  ('boy-leo-roar', 'Leo', 'рҹҰҒ', 'boy', 'common', ARRAY['animal']::text[]),
  ('boy-tiger-bolt', 'Tiger', 'рҹҗҜ', 'boy', 'common', ARRAY['animal']::text[]),
  ('boy-rusty-fox', 'Rusty', 'рҹҰҠ', 'boy', 'common', ARRAY['animal']::text[]),
  ('boy-barnaby-bear', 'Barnaby', 'рҹҗ»', 'boy', 'common', ARRAY['animal']::text[]),
  ('boy-hopper-frog', 'Hopper', 'рҹҗё', 'boy', 'common', ARRAY['animal']::text[]),
  ('boy-slither-snake', 'Slither', 'рҹҗҚ', 'boy', 'common', ARRAY['animal']::text[]),
  ('boy-snappy-crab', 'Snappy', 'рҹҰҖ', 'boy', 'common', ARRAY['sea']::text[]),
  ('boy-max-truck', 'Max', 'рҹҡң', 'boy', 'common', ARRAY['vehicle']::text[]),
  ('boy-kick-striker', 'Striker', 'вҡҪ', 'boy', 'common', ARRAY['sports']::text[]),
  ('boy-ollie-skater', 'Ollie', 'рҹӣ№', 'boy', 'common', ARRAY['sports']::text[]),
  ('boy-croc-drake', 'Drake', 'рҹҗҠ', 'boy', 'common', ARRAY['animal']::text[]),
  ('boy-dash-dog', 'Dash', 'рҹҗ¶', 'boy', 'common', ARRAY['animal', 'pet']::text[]),
  ('girl-princess-lumi', 'Princess Lumi', 'рҹ‘ё', 'girl', 'legendary', ARRAY['royalty']::text[]),
  ('girl-stella-unicorn', 'Stella', 'рҹҰ„', 'girl', 'legendary', ARRAY['unicorn', 'fantasy']::text[]),
  ('girl-faye-fairy', 'Faye', 'рҹ§ҡ', 'girl', 'epic', ARRAY['fairy', 'magic']::text[]),
  ('girl-marina-mermaid', 'Marina', 'рҹ§ңвҖҚвҷҖпёҸ', 'girl', 'epic', ARRAY['mermaid', 'sea']::text[]),
  ('girl-queen-petal', 'Queen Petal', 'рҹҢё', 'girl', 'epic', ARRAY['royalty', 'flower']::text[]),
  ('girl-luna-moon', 'Luna', 'рҹҢҷ', 'girl', 'epic', ARRAY['celestial', 'magic']::text[]),
  ('girl-wanda-wand', 'Wanda', 'рҹӘ„', 'girl', 'rare', ARRAY['magic']::text[]),
  ('girl-rosie-rainbow', 'Rosie', 'рҹҢҲ', 'girl', 'rare', ARRAY['nature', 'color']::text[]),
  ('girl-swan-grace', 'Grace', 'рҹҰў', 'girl', 'rare', ARRAY['animal', 'bird']::text[]),
  ('girl-della-dolphin', 'Della', 'рҹҗ¬', 'girl', 'rare', ARRAY['sea']::text[]),
  ('girl-mimi-bird', 'Mimi', 'рҹҗҰ', 'girl', 'rare', ARRAY['animal', 'bird']::text[]),
  ('girl-sparkle-heart', 'Sparkle', 'рҹ’–', 'girl', 'rare', ARRAY['magic', 'love']::text[]),
  ('girl-bella-butterfly', 'Bella', 'рҹҰӢ', 'girl', 'common', ARRAY['nature', 'bug']::text[]),
  ('girl-kiki-kitten', 'Kiki', 'рҹҗұ', 'girl', 'common', ARRAY['animal', 'pet']::text[]),
  ('girl-twinkle-star', 'Twinkle', 'вӯҗ', 'girl', 'common', ARRAY['celestial']::text[]),
  ('girl-coco-cupcake', 'Coco', 'рҹ§Ғ', 'girl', 'common', ARRAY['treat']::text[]),
  ('girl-daisy-deer', 'Daisy', 'рҹҰҢ', 'girl', 'common', ARRAY['animal']::text[]),
  ('girl-bonnie-bunny', 'Bonnie', 'рҹҗ°', 'girl', 'common', ARRAY['animal', 'pet']::text[]),
  ('girl-penny-pony', 'Penny', 'рҹҗҙ', 'girl', 'common', ARRAY['animal']::text[]),
  ('girl-pia-panda', 'Pia', 'рҹҗј', 'girl', 'common', ARRAY['animal']::text[]),
  ('girl-blossom-tulip', 'Blossom', 'рҹҢ·', 'girl', 'common', ARRAY['nature', 'flower']::text[]),
  ('girl-lila-ladybug', 'Lila', 'рҹҗһ', 'girl', 'common', ARRAY['nature', 'bug']::text[]),
  ('girl-cleo-cloud', 'Cleo', 'вҳҒпёҸ', 'girl', 'common', ARRAY['sky']::text[]),
  ('girl-tilly-teacup', 'Tilly', 'рҹ«–', 'girl', 'common', ARRAY['treat']::text[]),
  ('girl-gigi-giraffe', 'Gigi', 'рҹҰ’', 'girl', 'common', ARRAY['animal']::text[]),
  ('girl-ellie-elephant', 'Ellie', 'рҹҗҳ', 'girl', 'common', ARRAY['animal']::text[]),
  ('girl-honey-bee', 'Honey', 'рҹҗқ', 'girl', 'common', ARRAY['nature', 'bug']::text[]),
  ('girl-polly-penguin', 'Polly', 'рҹҗ§', 'girl', 'common', ARRAY['animal']::text[]),
  ('girl-hazel-hamster', 'Hazel', 'рҹҗ№', 'girl', 'common', ARRAY['animal', 'pet']::text[]),
  ('girl-shelly-shell', 'Shelly', 'рҹҗҡ', 'girl', 'common', ARRAY['sea']::text[])
on conflict (id) do update set name = excluded.name, emoji = excluded.emoji, "set" = excluded."set", rarity = excluded.rarity, tags = excluded.tags;

-- Children (parent_id backfilled when auth lands in task 18)

insert into children (id, name, avatar, sticker_set) values
  ('milo', 'Milo', 'рҹҰҠ', 'boy'),
  ('sunny', 'Sunny', 'рҹҗ°', 'girl')
on conflict (id) do update set name = excluded.name, avatar = excluded.avatar, sticker_set = excluded.sticker_set;

-- Per-skill levels

insert into child_skill_levels (child_id, skill, level) values
  ('milo', 'listen', 'starter'),
  ('milo', 'speak', 'starter'),
  ('milo', 'read', 'starter'),
  ('milo', 'write', 'starter'),
  ('sunny', 'listen', 'mover'),
  ('sunny', 'speak', 'mover'),
  ('sunny', 'read', 'mover'),
  ('sunny', 'write', 'starter')
on conflict (child_id, skill) do update set level = excluded.level;
